"PLAYER","TEAM","AGE","GP","W","L","MIN","PTS","FGM","FGA","X3PM","X3PA","FTM","FTA","OREB","DREB","REB","AST","TOV","STL","BLK","PF","FP","DD2","TD3"
"AJ Griffin","ATL",19,72,34,38,1401.4,639,248,533,101,259,42,47,37,116,153,73,42,42,12,87,1052,0,0
"Aaron Holiday","ATL",26,63,32,31,845.3,247,92,220,36,88,27,32,25,49,74,89,36,37,12,79,580,0,0
"Bogdan Bogdanovic","ATL",30,54,27,27,1508.6,756,273,611,146,360,64,77,23,142,165,150,65,43,18,86,1297,0,0
"Bruno Fernando","ATL",24,39,13,26,405.1,153,59,112,0,4,35,50,54,83,137,31,25,6,34,74,459,1,0
"Clint Capela","ATL",29,65,35,30,1730.1,779,350,536,0,1,79,131,258,459,717,58,54,45,79,139,2044,35,0
"De'Andre Hunter","ATL",25,67,35,32,2125.6,1029,379,822,100,286,171,207,46,238,284,94,82,35,17,199,1585,1,0
"Dejounte Murray","ATL",26,74,38,36,2693.4,1515,612,1319,133,387,158,190,53,336,389,448,160,112,19,106,2887,8,1
"Donovan Williams","ATL",21,2,1,1,4.3,4,2,5,0,2,0,0,0,2,2,0,0,0,0,0,6,0,0
"Garrison Mathews","ATL",26,54,16,38,686.3,257,73,201,63,180,48,53,11,62,73,26,19,24,5,62,452,0,0
"Jalen Johnson","ATL",21,70,35,35,1041.6,395,158,322,30,104,49,78,51,231,282,83,41,38,34,113,1033,1,0
"Jarrett Culver","ATL",24,10,5,5,136.9,44,17,43,1,12,9,13,10,28,38,6,7,6,2,14,116,0,0
"John Collins","ATL",25,71,37,34,2129.6,931,359,707,70,240,143,178,77,385,462,85,79,42,73,220,1879,11,0
"Onyeka Okongwu","ATL",22,80,41,39,1848.6,791,317,497,4,13,153,196,217,359,576,81,81,56,107,251,2012,12,0
"Saddiq Bey","ATL",24,77,24,53,2128.7,1062,353,836,151,418,205,238,98,264,362,118,71,70,13,123,1851,4,0
"Trae Young","ATL",24,73,38,35,2540.7,1914,597,1390,154,460,566,639,56,161,217,741,300,80,9,104,3253,40,0
"Trent Forrest","ATL",25,23,9,14,277,52,25,60,0,2,2,3,5,32,37,38,15,7,2,17,165,0,0
"Tyrese Martin","ATL",24,16,10,6,65.5,21,9,23,1,7,2,2,5,7,12,2,2,1,0,2,39,0,0
"Vit Krejci","ATL",23,29,15,14,165.4,36,15,37,5,21,1,2,6,20,26,17,5,5,1,17,106,0,0
"Alondes Williams","BKN",24,1,1,0,5.3,0,0,0,0,0,0,0,0,1,1,0,2,0,0,1,-1,0,0
"Ben Simmons","BKN",26,42,24,18,1105,291,133,235,0,2,25,57,40,223,263,256,97,54,24,139,1128,4,1
"Cam Thomas","BKN",21,57,30,27,947.6,604,201,456,51,133,151,174,8,87,95,78,63,20,7,55,853,0,0
"Cameron Johnson","BKN",27,42,25,17,1199.8,650,223,474,103,255,101,120,34,151,185,78,37,50,14,83,1144,1,0
"David Duke Jr.","BKN",23,23,10,13,228,85,36,78,1,12,12,17,11,18,29,21,18,10,1,31,166,0,0
"Day'Ron Sharpe","BKN",21,48,22,26,552.5,227,93,171,6,11,35,55,99,101,200,37,42,15,32,89,622,2,0
"Dorian Finney-Smith","BKN",30,66,31,35,2008.8,551,196,501,114,338,45,59,114,202,316,100,62,55,36,144,1291,2,0
"Dru Smith","BKN",25,15,7,8,158.4,44,18,45,5,19,3,3,2,22,24,22,3,10,4,23,145,0,0
"Edmond Sumner","BKN",27,53,33,20,736.2,378,124,269,31,87,99,108,13,66,79,68,50,31,10,83,648,0,0
"Joe Harris","BKN",31,74,40,34,1527.2,562,201,440,142,333,18,28,23,141,164,101,41,34,13,140,1010,0,0
"Mikal Bridges","BKN",26,83,42,41,2963.2,1671,593,1267,169,442,316,353,79,285,364,273,127,91,61,159,2846,2,0
"Moses Brown","BKN",23,36,17,19,294.1,155,61,96,0,0,33,72,57,82,139,4,15,4,14,39,367,3,0
"Nerlens Noel","BKN",29,17,4,13,194.7,35,13,36,1,2,8,12,10,36,46,10,13,16,10,32,170,0,0
"Nic Claxton","BKN",24,76,41,35,2270.7,961,414,587,0,2,133,246,184,518,702,144,96,65,189,212,2685,28,0
"Patty Mills","BKN",34,40,18,22,566.6,246,86,209,49,134,25,30,8,36,44,56,30,15,3,32,407,0,0
"RaiQuan Gray","BKN",23,1,0,1,35.1,16,6,12,2,5,2,2,3,6,9,7,4,0,1,5,36,0,0
"Royce O'Neale","BKN",30,76,42,34,2409.2,671,229,593,163,419,50,69,55,329,384,283,114,65,49,239,1784,4,1
"Seth Curry","BKN",32,61,37,24,1210.7,561,208,449,94,232,51,55,13,87,100,99,51,36,7,96,908,0,0
"Spencer Dinwiddie","BKN",30,79,41,38,2725.3,1369,460,1050,181,490,268,330,28,242,270,515,145,67,24,187,2594,9,0
"Yuta Watanabe","BKN",28,58,30,28,927.8,322,114,232,60,135,34,47,30,111,141,48,22,25,17,80,667,0,0
"Al Horford","BOS",37,63,44,19,1921.4,616,228,479,145,325,15,21,73,317,390,189,37,30,61,121,1604,7,0
"Blake Griffin","BOS",34,41,27,14,568.9,170,63,130,23,66,21,32,47,108,155,61,22,14,9,75,495,0,0
"Derrick White","BOS",28,82,57,25,2319.3,1017,350,758,149,391,168,192,52,241,293,321,95,54,76,177,2145,7,0
"Grant Williams","BOS",24,79,55,24,2044.8,641,216,476,115,291,94,122,87,276,363,131,82,41,31,192,1407,3,0
"JD Davison","BOS",20,12,11,1,65.7,19,8,19,2,7,1,2,2,7,9,11,4,2,2,5,54,0,0
"Jaylen Brown","BOS",26,67,46,21,2404.9,1784,679,1383,163,487,263,344,78,381,459,232,197,75,26,172,2789,13,0
"Jayson Tatum","BOS",25,74,52,22,2732.2,2225,727,1559,240,686,531,622,78,571,649,342,213,78,51,160,3691,31,1
"Justin Champagnie","BOS",22,5,4,1,34.3,11,5,15,1,5,0,0,3,5,8,4,0,1,0,2,30,0,0
"Justin Jackson","BOS",28,23,15,8,107.4,20,7,27,5,20,1,2,2,15,17,9,2,4,4,7,76,0,0
"Luke Kornet","BOS",27,69,45,24,804.1,261,113,170,3,13,32,39,86,111,197,53,25,11,46,81,723,0,0
"Malcolm Brogdon","BOS",30,67,46,21,1743.8,1000,354,732,132,297,160,184,42,238,280,248,98,45,18,109,1799,0,0
"Marcus Smart","BOS",29,61,43,18,1956.8,703,250,602,115,342,88,118,46,145,191,382,143,93,23,172,1710,6,0
"Mfiondu Kabengele","BOS",25,4,3,1,36.4,6,2,7,0,3,2,2,5,5,10,0,1,2,0,3,23,0,0
"Mike Muscala","BOS",31,63,32,31,945.1,383,131,292,81,207,40,52,37,166,203,50,23,15,24,98,796,0,0
"Noah Vonleh","BOS",27,23,17,6,171.6,25,11,24,1,4,2,2,18,30,48,7,11,2,8,35,112,0,0
"Payton Pritchard","BOS",25,48,32,16,642.8,270,101,245,56,154,12,16,25,63,88,64,40,14,1,37,477,1,1
"Robert Williams III","BOS",25,35,24,11,823.5,279,127,170,0,1,25,41,104,188,292,50,34,22,48,68,880,6,0
"Sam Hauser","BOS",25,80,55,25,1289.9,512,180,396,140,335,12,17,35,169,204,71,30,29,21,99,983,0,0
"Bryce McGowens","CHA",20,46,16,30,787,246,80,202,26,80,60,80,20,73,93,54,43,15,6,48,459,0,0
"Cody Martin","CHA",27,7,2,5,133.7,35,14,36,3,14,4,7,8,16,24,11,2,4,1,13,93,0,0
"Dennis Smith Jr.","CHA",25,54,19,35,1389.8,474,186,452,24,111,78,106,27,140,167,261,82,75,25,122,1284,1,0
"Gordon Hayward","CHA",33,50,20,30,1576.9,733,276,581,52,160,129,159,33,182,215,206,99,42,12,70,1363,2,0
"JT Thor","CHA",20,69,22,47,968.8,262,95,238,39,123,33,47,36,116,152,36,44,22,23,66,589,0,0
"James Bouknight","CHA",22,34,9,25,515.5,191,69,193,33,109,20,30,8,64,72,41,32,14,5,49,364,0,0
"Kai Jones","CHA",22,46,13,33,549.6,157,67,120,4,19,19,26,37,86,123,15,31,17,30,65,437,1,0
"Kelly Oubre Jr.","CHA",27,48,16,32,1547.5,972,353,819,108,339,158,208,65,184,249,54,64,68,18,141,1546,3,0
"Kobi Simmons","CHA",25,5,1,4,27.8,5,1,6,1,5,2,2,1,3,4,5,1,0,2,0,22,0,0
"LaMelo Ball","CHA",21,36,13,23,1267.8,838,296,721,144,383,102,121,42,189,231,304,129,46,11,118,1613,17,3
"Mark Williams","CHA",21,43,18,25,828,387,160,251,0,0,67,97,93,211,304,18,40,28,45,94,958,11,0
"Nick Richards","CHA",25,65,21,44,1217.7,532,197,313,1,1,137,183,147,269,416,38,59,11,71,154,1275,14,0
"P.J. Washington","CHA",24,73,24,49,2379.6,1144,434,978,149,428,127,174,73,285,358,175,110,66,79,193,2161,3,0
"Svi Mykhailiuk","CHA",26,32,16,16,467.9,222,77,173,42,99,26,39,15,38,53,53,24,15,4,23,398,0,0
"Terry Rozier","CHA",29,63,19,44,2220.9,1329,493,1188,165,505,178,220,51,208,259,319,134,74,16,119,2254,1,0
"Theo Maledon","CHA",22,44,14,30,853.7,295,102,254,28,95,63,74,14,109,123,152,59,37,12,61,759,1,0
"Xavier Sneed","CHA",25,4,0,4,48.2,17,5,10,3,6,4,4,0,5,5,5,3,0,1,7,31,0,0
"Alex Caruso","CHI",29,67,33,34,1575.4,374,130,286,55,151,59,73,42,154,196,193,77,98,46,159,1254,1,0
"Andre Drummond","CHI",29,67,32,35,849.1,399,166,274,0,3,67,125,138,306,444,33,75,45,27,117,1122,8,0
"Ayo Dosunmu","CHI",23,80,40,40,2097.6,687,281,570,59,189,66,82,45,175,220,206,99,62,26,182,1425,0,0
"Carlik Jones","CHI",25,7,4,3,56,20,6,15,3,6,5,8,1,4,5,6,2,2,0,2,39,0,0
"Coby White","CHI",23,74,37,37,1730.2,715,263,594,128,344,61,70,16,196,212,204,74,54,6,122,1381,1,0
"Dalen Terry","CHI",20,38,19,19,213.9,85,32,72,7,27,14,21,12,25,37,22,8,11,5,24,202,0,0
"DeMar DeRozan","CHI",33,74,37,37,2681.6,1816,657,1303,46,142,456,523,34,309,343,377,153,83,36,186,2997,6,0
"Derrick Jones Jr.","CHI",26,64,29,35,893.4,319,115,230,27,80,62,84,60,93,153,34,25,29,37,86,727,0,0
"Javonte Green","CHI",29,32,13,19,480.3,165,61,108,13,35,30,45,27,61,88,23,20,24,21,52,420,0,0
"Malcolm Hill","CHI",27,5,4,1,9.2,5,2,4,1,3,0,0,0,3,3,0,0,0,0,1,9,0,0
"Marko Simonovic","CHI",23,7,3,4,19.6,6,2,7,1,4,1,2,1,1,2,0,0,0,0,5,8,0,0
"Nikola Vucevic","CHI",32,82,40,42,2746.4,1447,597,1148,121,347,132,158,159,744,903,265,139,60,57,179,3140,51,1
"Patrick Beverley","CHI",34,67,34,33,1816.5,415,144,360,80,239,47,65,44,203,247,194,60,63,41,187,1254,2,0
"Patrick Williams","CHI",21,82,40,42,2322.8,833,314,677,115,277,90,105,78,249,327,100,101,72,70,147,1700,1,0
"Terry Taylor","CHI",23,31,13,18,263.4,89,39,75,5,19,6,11,27,20,47,10,9,3,6,26,178,0,0
"Tony Bradley","CHI",25,12,5,7,33.4,19,6,12,3,5,4,4,1,10,11,1,1,1,1,2,39,0,0
"Zach LaVine","CHI",28,77,38,39,2767.9,1913,673,1388,204,544,363,428,42,303,345,327,194,69,18,159,2885,2,0
"Caris LeVert","CLE",28,74,45,29,2237.3,897,320,742,127,324,130,180,53,229,282,287,116,72,24,170,1838,1,0
"Cedi Osman","CLE",28,77,48,29,1548.3,669,239,530,116,312,75,108,25,151,176,115,52,35,11,122,1139,1,0
"Danny Green","CLE",36,11,6,5,138.7,61,22,49,16,37,1,1,3,11,14,6,10,6,3,16,104,0,0
"Darius Garland","CLE",23,69,40,29,2447.2,1490,522,1129,169,412,277,321,28,157,185,538,199,85,9,148,2602,18,0
"Dean Wade","CLE",26,44,30,14,891.6,206,73,177,45,127,15,23,20,130,150,37,17,28,21,89,572,0,0
"Donovan Mitchell","CLE",26,68,44,24,2432.4,1922,679,1402,245,635,319,368,63,226,289,301,180,99,27,168,2918,5,0
"Dylan Windler","CLE",26,3,3,0,10.4,5,2,3,1,2,0,0,0,0,0,1,1,1,0,0,9,0,0
"Evan Mobley","CLE",22,79,48,31,2715.3,1277,525,947,22,102,205,304,187,524,711,224,146,60,119,218,2857,24,0
"Isaac Okoro","CLE",22,76,48,28,1652.6,490,175,354,62,171,78,103,52,135,187,87,42,56,30,158,1061,0,0
"Isaiah Mobley","CLE",23,12,8,4,84.2,31,12,28,3,8,4,4,4,16,20,3,1,4,3,8,80,0,0
"Jarrett Allen","CLE",25,68,44,24,2220.1,969,403,626,1,10,162,221,221,445,666,113,93,54,84,153,2259,32,0
"Lamar Stevens","CLE",25,62,39,23,1120.5,328,129,288,30,95,40,57,48,159,207,33,27,27,19,79,737,1,0
"Mamadi Diakite","CLE",26,22,15,7,175.9,57,24,50,7,21,2,2,8,22,30,8,12,4,9,26,132,0,0
"Raul Neto","CLE",31,48,31,17,505.2,157,57,110,12,42,31,34,10,36,46,79,24,17,4,49,370,0,0
"Ricky Rubio","CLE",32,33,23,10,566,171,61,178,21,82,28,35,9,61,70,115,31,26,6,51,493,0,0
"Robin Lopez","CLE",35,37,25,12,298.5,112,48,75,2,4,14,18,23,28,51,19,25,2,8,43,207,0,0
"Sam Merrill","CLE",27,5,4,1,58.5,25,9,22,5,18,2,2,0,9,9,5,0,4,0,3,55,0,0
"A.J. Lawson","DAL",22,15,5,10,108.3,56,22,44,10,25,2,8,6,15,21,2,3,2,0,11,87,0,0
"Chris Silva","DAL",26,1,1,0,3,2,1,1,0,0,0,0,0,0,0,0,1,0,0,2,1,0,0
"Christian Wood","DAL",27,67,33,34,1738.4,1114,396,769,105,279,217,281,87,404,491,121,121,30,72,169,2070,12,0
"Davis Bertans","DAL",30,45,20,25,491.8,206,69,160,55,141,13,15,10,43,53,21,10,11,8,53,348,0,0
"Dwight Powell","DAL",31,76,37,39,1457.9,506,197,269,0,5,112,168,149,165,314,69,65,48,26,209,1143,1,0
"Facundo Campazzo","DAL",32,8,2,6,52.2,10,3,13,3,11,1,2,0,2,2,9,3,6,0,3,41,0,0
"Frank Ntilikina","DAL",24,47,20,27,607.6,135,48,132,17,67,22,33,7,55,62,58,29,16,7,65,336,0,0
"JaVale McGee","DAL",35,42,20,22,354.5,186,80,125,2,5,24,41,30,77,107,11,36,4,26,54,385,0,0
"Jaden Hardy","DAL",20,48,20,28,708.4,420,146,333,63,156,65,79,11,78,89,65,46,17,7,64,650,0,0
"Josh Green","DAL",22,60,27,33,1539.2,546,205,382,68,169,68,94,55,127,182,103,72,42,5,156,988,1,0
"Justin Holiday","DAL",34,46,18,28,706.1,205,77,204,46,143,5,8,5,50,55,41,22,19,19,68,425,0,0
"Kemba Walker","DAL",33,9,5,4,143.9,72,24,57,7,28,17,21,3,13,16,19,4,2,2,11,128,0,0
"Kyrie Irving","DAL",31,60,32,28,2240.6,1623,594,1203,188,496,247,273,59,245,304,331,128,66,45,165,2689,5,0
"Luka Doncic","DAL",24,66,33,33,2390.5,2138,719,1449,185,541,515,694,54,515,569,529,236,90,33,166,3747,36,10
"Markieff Morris","DAL",33,35,17,18,355.1,132,47,115,28,71,10,10,13,58,71,31,18,9,5,48,288,1,0
"Maxi Kleber","DAL",31,37,18,19,929.8,220,77,169,39,112,27,38,30,105,135,52,27,12,30,85,559,0,0
"McKinley Wright IV","DAL",24,27,14,13,335,114,46,98,9,28,13,19,9,38,47,58,19,8,5,24,277,0,0
"Reggie Bullock","DAL",32,78,37,41,2364.5,561,192,470,151,397,26,37,32,251,283,108,36,54,13,166,1228,1,0
"Theo Pinson","DAL",27,40,19,21,323,95,31,87,22,62,11,13,10,53,63,46,12,6,1,34,249,1,1
"Tim Hardaway Jr.","DAL",31,71,37,34,2152.2,1019,340,847,212,550,127,165,21,230,251,129,60,49,12,120,1637,0,0
"Tyler Dorsey","DAL",27,3,2,1,8.3,9,4,5,1,2,0,0,1,1,2,0,0,0,0,0,11,0,0
"Aaron Gordon","DEN",27,68,45,23,2055.1,1109,429,761,60,173,191,314,164,282,446,203,98,54,51,129,2166,11,0
"Bruce Brown","DEN",26,80,53,27,2279.5,923,358,741,91,254,116,153,63,265,328,268,123,87,51,190,2010,3,1
"Christian Braun","DEN",22,76,49,27,1181.1,360,143,289,34,96,40,64,48,133,181,59,35,41,17,101,805,0,0
"DeAndre Jordan","DEN",34,39,23,16,585.9,199,88,115,1,1,22,48,52,150,202,34,48,12,23,71,549,2,0
"Ish Smith","DEN",34,43,25,18,397.9,108,52,131,2,12,2,4,5,49,54,100,44,8,7,33,324,0,0
"Jack White","DEN",25,17,13,4,66,21,8,19,3,9,2,3,6,11,17,4,2,3,2,9,60,0,0
"Jamal Murray","DEN",26,65,43,22,2133.4,1298,473,1041,172,432,180,216,48,209,257,400,145,66,16,103,2307,5,1
"Jeff Green","DEN",36,56,33,23,1091.1,437,160,328,30,104,87,117,38,106,144,69,46,18,17,99,772,0,0
"Kentavious Caldwell-Pope","DEN",30,76,51,25,2381.2,822,292,632,135,319,103,125,35,173,208,183,86,112,35,145,1701,0,0
"Michael Porter Jr.","DEN",25,62,41,21,1797.9,1080,398,817,188,454,96,120,64,277,341,65,68,37,29,119,1717,3,0
"Nikola Jokic","DEN",28,69,48,21,2323,1690,646,1022,57,149,341,415,167,650,817,678,247,87,47,174,3842,58,29
"Peyton Watson","DEN",20,23,13,10,186.1,75,29,59,6,14,11,20,8,29,37,11,8,2,11,14,167,0,0
"Reggie Jackson","DEN",33,68,36,32,1656.9,693,263,640,96,288,71,78,25,119,144,233,115,47,6,114,1259,1,0
"Thomas Bryant","DEN",25,59,33,26,1081.5,579,230,369,26,59,93,126,86,253,339,31,38,16,30,102,1132,9,0
"Vlatko Cancar","DEN",26,60,38,22,889,297,108,227,43,115,38,41,24,104,128,80,37,22,14,84,642,1,0
"Zeke Nnaji","DEN",22,53,34,19,727.8,277,110,196,17,65,40,62,65,73,138,18,31,17,23,105,559,1,0
"Alec Burks","DET",31,51,12,39,1122.4,652,200,459,99,239,153,188,19,139,158,114,58,38,8,98,1093,0,0
"Bojan Bogdanovic","DET",34,59,15,44,1892.9,1273,430,882,145,353,268,303,36,187,223,152,135,34,8,113,1760,0,0
"Braxton Key","DET",26,3,0,3,9.1,4,1,1,0,0,2,2,0,1,1,0,0,0,0,0,5,0,0
"Buddy Boeheim","DET",23,10,2,8,90.1,16,5,27,4,25,2,2,2,4,6,4,0,2,0,6,35,0,0
"Cade Cunningham","DET",21,12,3,9,400.2,239,93,224,17,61,36,43,12,62,74,72,39,10,7,34,448,3,0
"Cory Joseph","DET",31,62,12,50,1227.4,427,150,351,70,180,57,72,21,85,106,217,56,34,9,88,953,0,0
"Eugene Omoruyi","DET",26,40,10,30,645.3,278,101,228,25,89,51,75,43,68,111,28,34,28,3,91,512,0,0
"Hamidou Diallo","DET",24,56,12,44,995.9,522,215,375,5,21,87,148,57,137,194,55,71,53,16,124,973,0,0
"Isaiah Livers","DET",24,52,10,42,1198.7,346,120,288,74,203,32,39,28,115,143,41,30,28,28,103,717,1,0
"Isaiah Stewart","DET",22,50,12,38,1414.1,567,195,441,67,205,110,149,115,288,403,70,68,20,34,133,1250,13,0
"Jaden Ivey","DET",21,74,16,58,2304.3,1204,409,983,120,350,266,356,73,215,288,387,237,61,17,242,2127,8,0
"Jalen Duren","DET",19,67,16,51,1670.1,612,258,398,0,2,96,157,229,366,595,75,92,44,59,182,1656,19,0
"James Wiseman","DET",22,45,11,34,867.2,450,189,339,4,20,68,97,73,194,267,30,51,7,27,108,866,8,0
"Jared Rhoden","DET",23,14,2,12,197.9,45,17,44,5,20,6,6,11,26,37,4,3,4,1,23,107,0,0
"Killian Hayes","DET",21,76,16,60,2153.6,786,307,815,80,286,92,112,28,193,221,470,173,104,28,219,1979,6,0
"Marvin Bagley III","DET",24,42,7,35,990.5,504,202,382,19,66,81,108,94,175,269,36,46,19,30,81,982,8,0
"R.J. Hampton","DET",22,47,9,38,749.6,302,102,237,41,116,57,76,18,69,87,54,42,27,9,51,553,0,0
"Rodney McGruder","DET",31,32,4,28,523.9,183,62,152,41,97,18,22,20,54,74,28,11,16,1,39,354,0,0
"Stanley Umude","DET",24,1,0,1,2.1,2,0,1,0,1,2,2,0,0,0,0,0,1,1,0,8,0,0
"Andre Iguodala","GSW",39,8,3,5,112.6,17,7,15,1,9,2,3,3,14,17,19,9,4,3,11,78,0,0
"Andrew Wiggins","GSW",28,37,19,18,1190.3,633,250,529,89,225,44,72,61,125,186,85,48,45,28,107,1155,3,0
"Anthony Lamb","GSW",25,62,36,26,1195,415,148,314,73,199,46,60,56,159,215,96,54,28,20,134,907,0,0
"Donte DiVincenzo","GSW",26,72,42,30,1894.4,678,235,540,150,378,58,71,80,245,325,252,112,97,10,133,1655,4,0
"Draymond Green","GSW",33,73,41,32,2297.6,617,250,474,40,131,77,108,66,459,525,500,204,74,61,229,2198,11,0
"Gary Payton II","GSW",30,22,13,9,367.6,101,41,69,13,26,6,7,24,45,69,30,16,22,5,43,294,0,0
"JaMychal Green","GSW",33,57,30,27,796.7,366,136,252,42,111,52,67,72,133,205,51,52,25,23,105,781,0,0
"Jonathan Kuminga","GSW",20,67,38,29,1394.4,666,261,497,54,146,90,138,70,161,231,125,95,41,31,157,1252,1,0
"Jordan Poole","GSW",24,82,44,38,2458.1,1675,550,1278,214,637,361,415,32,193,225,369,252,63,21,214,2499,1,0
"Kevon Looney","GSW",27,82,44,38,1957.6,578,242,384,0,1,94,155,274,486,760,207,45,52,50,224,2062,14,0
"Klay Thompson","GSW",33,69,38,31,2278.9,1509,546,1252,301,731,116,132,39,247,286,163,123,49,29,130,2208,2,0
"Lester Quinones","GSW",22,4,4,0,18.1,10,2,5,2,4,4,6,1,2,3,2,5,1,0,0,15,0,0
"Moses Moody","GSW",21,63,37,26,817.1,302,108,227,49,135,37,53,28,77,105,51,34,18,7,54,546,0,0
"Patrick Baldwin","GSW",20,31,15,16,225.8,122,43,109,32,84,4,6,1,39,40,11,11,6,4,14,206,0,0
"Ryan Rollins","GSW",20,12,5,7,62.1,23,7,20,3,9,6,6,3,9,12,6,16,1,1,10,36,0,0
"Stephen Curry","GSW",35,56,30,26,1941.2,1648,559,1133,273,639,257,281,39,302,341,352,179,52,20,117,2622,12,1
"Ty Jerome","GSW",25,45,22,23,815.6,309,118,242,35,90,38,41,7,71,78,135,30,23,5,64,659,0,0
"Alperen Sengun","HOU",20,75,18,57,2170.7,1109,442,799,19,57,206,288,242,436,678,291,193,70,70,258,2586,29,2
"Boban Marjanovic","HOU",34,31,7,24,171.1,102,41,60,0,1,20,27,20,40,60,9,14,5,2,10,195,0,0
"Daishen Nix","HOU",21,57,15,42,914.4,226,81,237,40,140,24,36,18,80,98,132,86,31,7,59,570,0,0
"Darius Days","HOU",23,4,0,4,25,15,5,12,3,10,2,2,1,5,6,1,0,0,1,2,27,0,0
"Frank Kaminsky","HOU",30,36,13,23,234.9,89,31,63,13,33,14,16,7,45,52,32,9,6,4,22,220,0,0
"Jabari Smith Jr.","HOU",20,79,21,58,2450.5,1010,364,892,120,391,162,206,122,447,569,101,104,43,74,227,2091,16,0
"Jae'Sean Tate","HOU",27,31,7,24,677.5,283,110,229,13,46,50,69,41,77,118,84,47,21,7,106,588,0,0
"Jalen Green","HOU",21,76,20,56,2602.2,1683,566,1359,187,554,364,463,43,241,284,281,200,59,18,131,2476,0,0
"Josh Christopher","HOU",21,64,16,48,786.2,372,153,329,21,89,45,60,20,51,71,73,60,33,15,59,651,0,0
"Kenyon Martin Jr.","HOU",22,82,22,60,2292.2,1039,410,720,68,216,151,222,126,326,452,123,91,41,30,147,1888,5,0
"Kevin Porter Jr.","HOU",23,59,18,41,2023.9,1130,391,884,141,385,207,264,76,238,314,338,188,82,17,156,2123,9,1
"Tari Eason","HOU",22,82,22,60,1767.2,760,296,660,59,172,109,145,195,301,496,88,101,96,47,189,1815,7,0
"Trevor Hudgins","HOU",24,5,0,5,28.3,9,2,9,2,8,3,3,0,0,0,3,1,0,0,1,13,0,0
"TyTy Washington Jr.","HOU",21,31,6,25,432.7,145,58,160,19,80,10,18,2,43,45,47,14,15,2,29,307,0,0
"Usman Garuba","HOU",21,75,21,54,970.2,225,86,177,24,59,29,47,120,187,307,64,47,44,29,135,861,0,0
"Aaron Nesmith","IND",23,73,30,43,1816.4,738,252,590,115,314,119,142,62,215,277,98,75,55,34,235,1409,1,0
"Andrew Nembhard","IND",23,75,32,43,2073.5,709,284,644,92,263,49,62,35,164,199,341,126,70,13,179,1582,5,0
"Bennedict Mathurin","IND",21,78,33,45,2222.4,1302,413,951,100,310,376,454,87,231,318,116,152,48,13,162,1889,0,0
"Buddy Hield","IND",30,80,35,45,2481.9,1344,475,1038,288,677,106,129,67,333,400,225,139,92,26,156,2377,3,0
"Chris Duarte","IND",26,46,19,27,897.2,362,123,333,55,174,61,72,19,96,115,64,41,25,9,65,657,0,0
"Daniel Theis","IND",31,7,1,6,108.8,49,21,44,2,11,5,12,7,15,22,9,3,2,6,7,110,0,0
"Gabe York","IND",29,3,1,2,55.8,24,8,21,6,18,2,2,0,6,6,5,0,2,0,5,45,0,0
"George Hill","IND",37,46,27,19,833.3,232,78,166,34,95,42,55,15,70,85,110,34,26,6,55,561,0,0
"Isaiah Jackson","IND",21,63,24,39,1042.3,455,179,318,2,14,95,146,113,169,282,51,51,31,93,154,1191,5,0
"Jalen Smith","IND",23,68,31,37,1278.8,642,242,508,54,191,104,137,129,265,394,66,72,21,60,153,1385,7,0
"James Johnson","IND",36,18,7,11,162.4,51,22,49,3,15,4,8,4,26,30,15,8,7,6,32,141,0,0
"Jordan Nwora","IND",24,62,36,26,1188.1,542,194,445,86,211,68,86,51,178,229,88,66,24,14,74,997,1,0
"Kendall Brown","IND",20,6,1,5,40.3,9,4,7,0,1,1,2,2,4,6,3,2,4,0,9,31,0,0
"Myles Turner","IND",27,62,29,33,1825.2,1113,402,733,93,249,216,276,88,378,466,89,103,36,140,215,2231,18,0
"Oshae Brissett","IND",25,65,27,38,1083.2,398,123,319,48,155,104,145,62,156,218,44,34,33,13,79,830,1,0
"T.J. McConnell","IND",31,75,31,44,1526.4,650,283,521,26,59,58,68,45,189,234,397,143,81,10,105,1656,6,1
"Trevelin Queen","IND",26,7,2,5,70,21,7,29,2,15,5,5,8,9,17,6,7,2,5,4,64,0,0
"Tyrese Haliburton","IND",23,56,28,28,1882.9,1160,412,841,161,402,175,201,33,172,205,585,141,91,25,69,2491,32,0
"Amir Coffey","LAC",26,50,26,24,625.3,172,56,145,11,40,49,63,17,36,53,53,21,7,5,50,330,0,0
"Bones Hyland","LAC",22,56,36,20,1085.5,659,228,571,117,315,86,102,20,115,135,172,82,39,15,96,1159,1,0
"Brandon Boston Jr.","LAC",21,22,9,13,248.3,143,51,122,12,29,29,38,7,23,30,20,12,9,0,21,224,0,0
"Eric Gordon","LAC",34,69,25,44,1965.5,856,291,653,132,356,142,173,16,118,134,183,104,43,25,78,1391,0,0
"Ivica Zubac","LAC",26,76,43,33,2169.4,818,326,514,0,2,166,238,236,520,756,77,117,29,98,219,2105,27,0
"Jason Preston","LAC",23,14,4,10,123.8,41,18,41,5,18,0,2,2,20,22,27,10,2,0,7,104,0,0
"John Wall","LAC",32,34,15,19,754.7,386,138,339,33,109,77,113,14,78,92,178,80,27,12,59,800,1,0
"Kawhi Leonard","LAC",32,52,33,19,1747.5,1239,446,871,104,250,243,279,57,281,338,204,88,72,28,84,2163,4,0
"Marcus Morris Sr.","LAC",33,65,35,30,1825.1,728,274,643,112,307,68,87,29,229,258,114,56,42,21,136,1342,2,0
"Mason Plumlee","LAC",33,79,28,51,2052.9,857,329,484,0,0,199,313,229,471,700,245,117,46,47,217,2227,23,0
"Moussa Diabate","LAC",21,22,10,12,195.5,59,24,47,1,2,10,16,31,19,50,4,9,7,8,15,161,0,0
"Nicolas Batum","LAC",34,78,44,34,1709.6,478,160,381,124,317,34,48,62,237,299,121,50,54,44,149,1262,0,0
"Norman Powell","LAC",30,60,31,29,1567.1,1019,340,710,114,287,225,277,24,151,175,109,101,50,18,125,1496,0,0
"Paul George","LAC",33,56,32,24,1938.9,1332,459,1004,158,426,256,294,45,297,342,288,176,83,20,159,2307,8,1
"Robert Covington","LAC",32,48,20,28,778.6,288,102,229,54,136,30,40,31,135,166,57,32,38,33,86,754,0,0
"Russell Westbrook","LAC",34,73,36,37,2125.8,1159,432,991,89,286,206,314,89,334,423,551,255,76,33,162,2565,24,4
"Terance Mann","LAC",26,81,44,37,1872.2,713,272,524,77,198,92,118,77,199,276,184,80,42,22,149,1432,1,0
"Xavier Moon","LAC",28,4,2,2,19.6,7,3,9,1,3,0,0,0,3,3,5,1,0,0,2,17,0,0
"Anthony Davis","LAL",30,56,31,25,1904.5,1451,542,962,19,74,348,444,195,507,702,148,122,59,114,146,2912,40,0
"Austin Reaves","LAL",25,64,35,29,1843.2,833,259,490,86,216,229,265,33,160,193,215,99,33,19,108,1444,1,0
"Cole Swider","LAL",24,7,2,5,41.1,9,3,9,3,8,0,0,1,6,7,4,0,0,0,3,23,0,0
"D'Angelo Russell","LAL",27,71,39,32,2304.1,1263,445,948,194,490,179,216,35,180,215,437,186,70,29,140,2288,9,0
"Davon Reed","LAL",28,43,29,14,342.5,89,28,84,17,46,16,24,10,49,59,23,20,15,4,39,231,0,0
"Dennis Schroder","LAL",29,66,37,29,1985.9,830,270,650,74,225,216,252,21,144,165,298,112,50,10,145,1543,2,0
"Jarred Vanderbilt","LAL",24,78,43,35,1879.7,619,247,451,29,90,96,139,170,412,582,184,97,83,21,190,1808,10,0
"LeBron James","LAL",38,55,30,25,1953.9,1590,609,1219,121,377,251,327,65,392,457,375,178,50,32,88,2769,18,2
"Lonnie Walker IV","LAL",24,56,27,29,1297,654,236,527,91,249,91,106,14,95,109,64,46,30,17,71,976,0,0
"Malik Beasley","LAL",26,81,45,36,2093.1,1025,370,937,235,658,50,65,35,248,283,124,90,65,9,107,1683,1,0
"Max Christie","LAL",20,41,19,22,512.4,128,44,106,26,62,14,16,7,68,75,21,13,9,7,33,285,0,0
"Mo Bamba","LAL",25,49,25,24,768.4,323,117,241,48,124,41,62,58,167,225,46,30,13,43,105,800,2,0
"Rui Hachimura","LAL",25,63,38,25,1466,707,284,584,51,160,88,119,53,230,283,58,53,19,26,72,1216,2,0
"Scotty Pippen Jr.","LAL",22,6,1,5,31.5,14,4,12,1,3,5,9,2,2,4,2,2,2,1,3,29,0,0
"Shaquille Harrison","LAL",29,5,1,4,119.9,44,15,36,3,10,11,15,1,21,22,30,6,11,2,12,148,1,0
"Sterling Brown","LAL",28,4,2,2,24.4,0,0,4,0,2,0,0,3,5,8,2,0,3,0,4,22,0,0
"Troy Brown Jr.","LAL",23,76,40,36,1859.8,541,200,465,107,281,34,39,62,246,308,95,49,59,16,120,1229,2,0
"Wenyen Gabriel","LAL",26,68,37,31,1023.8,372,155,260,10,36,52,84,116,170,286,36,46,26,35,144,906,0,0
"Brandon Clarke","MEM",26,56,32,24,1090.1,559,229,349,1,6,100,139,92,218,310,72,55,34,37,131,1197,6,0
"David Roddy","MEM",22,70,44,26,1258.5,466,180,420,65,212,41,65,50,143,193,59,57,29,19,107,873,0,0
"Desmond Bane","MEM",25,58,38,20,1841.5,1247,450,939,166,407,181,205,43,248,291,254,126,56,22,150,2085,1,0
"Dillon Brooks","MEM",27,73,46,27,2214.3,1047,392,991,143,439,120,154,45,199,244,189,104,65,16,240,1762,0,0
"Ja Morant","MEM",23,61,40,21,1948.3,1596,566,1214,92,300,372,497,61,296,357,493,206,66,16,100,2804,20,7
"Jacob Gilyard","MEM",24,1,0,1,40.8,3,1,3,1,3,0,0,0,4,4,7,2,3,0,3,25,0,0
"Jake LaRavia","MEM",21,35,22,13,414.3,105,37,95,24,71,7,9,19,44,63,21,18,12,4,49,242,0,0
"Jaren Jackson Jr.","MEM",23,63,41,22,1787.5,1173,416,822,100,282,241,306,108,318,426,60,107,65,189,227,2429,7,0
"John Konchar","MEM",27,72,45,27,1493.8,364,138,320,60,177,28,36,64,246,310,100,37,77,25,112,1155,2,0
"Kennedy Chandler","MEM",20,36,22,14,281.5,78,35,83,2,15,6,13,9,29,38,58,18,12,5,15,244,0,0
"Kenneth Lofton Jr.","MEM",20,24,15,9,176,120,49,93,6,17,16,27,19,32,51,20,12,5,2,28,220,1,0
"Luke Kennard","MEM",27,59,37,22,1315.1,546,188,382,133,269,37,39,15,143,158,91,46,32,5,82,937,0,0
"Santi Aldama","MEM",22,77,47,30,1681.7,696,247,525,94,266,108,144,85,286,371,97,60,45,48,143,1506,4,0
"Steven Adams","MEM",29,42,28,14,1133.3,361,157,263,0,1,47,129,214,271,485,97,79,36,46,98,1256,15,0
"Tyus Jones","MEM",27,80,51,29,1939.4,822,311,710,121,326,79,98,28,172,200,417,74,83,6,32,1881,9,1
"Vince Williams Jr.","MEM",22,15,7,8,104.6,30,12,40,4,28,2,2,4,11,15,4,5,6,2,12,73,0,0
"Xavier Tillman","MEM",24,61,40,21,1180.1,429,188,306,4,15,49,89,121,186,307,96,44,58,29,97,1158,4,0
"Ziaire Williams","MEM",21,37,21,16,560.8,210,84,196,25,97,17,22,16,63,79,35,37,14,6,58,380,0,0
"Bam Adebayo","MIA",25,75,40,35,2598,1529,602,1114,1,12,324,402,184,504,688,240,187,88,61,208,2975,31,0
"Caleb Martin","MIA",27,71,38,33,2077.7,683,254,548,84,236,91,113,88,256,344,117,79,71,31,145,1498,2,0
"Cody Zeller","MIA",30,15,6,9,216.6,98,37,59,0,2,24,35,25,39,64,10,14,3,4,33,197,0,0
"Duncan Robinson","MIA",29,42,19,23,690.5,268,88,237,63,192,29,32,8,61,69,46,28,14,0,77,434,0,0
"Gabe Vincent","MIA",27,68,37,31,1758.7,641,228,567,117,350,68,78,27,118,145,167,92,62,5,154,1175,0,0
"Haywood Highsmith","MIA",26,54,28,26,969.4,236,93,216,37,109,13,28,57,131,188,43,45,36,17,82,640,2,0
"Jamal Cain","MIA",24,18,10,8,240,98,37,66,7,20,17,22,15,37,52,12,6,11,1,21,208,0,0
"Jimmy Butler","MIA",33,64,35,29,2138,1466,479,888,36,103,472,555,141,234,375,340,101,117,21,80,2739,11,0
"Kevin Love","MIA",34,62,35,27,1239.5,509,165,424,99,296,80,91,59,340,399,116,70,16,12,97,1176,6,0
"Kyle Lowry","MIA",37,55,30,25,1717.7,615,196,485,107,310,116,135,43,182,225,281,103,57,21,143,1438,2,1
"Max Strus","MIA",27,80,42,38,2272,923,324,790,197,563,78,89,49,209,258,171,69,42,12,166,1582,2,0
"Nikola Jovic","MIA",20,15,7,8,204.5,82,28,69,8,35,18,19,9,22,31,10,10,7,2,19,151,0,0
"Omer Yurtseven","MIA",25,9,5,4,83.2,40,16,27,3,7,5,6,8,15,23,2,4,2,2,16,79,0,0
"Orlando Robinson","MIA",22,31,18,13,425.1,116,47,89,0,6,22,31,48,78,126,25,16,12,12,53,361,0,0
"Tyler Herro","MIA",23,67,37,30,2335.4,1347,487,1109,203,537,170,182,27,333,360,280,158,51,16,101,2242,6,1
"Udonis Haslem","MIA",43,7,4,3,72.1,27,10,29,3,9,4,5,4,7,11,0,1,1,2,11,48,0,0
"Victor Oladipo","MIA",31,42,23,19,1105.6,449,160,403,70,212,59,79,16,112,128,146,87,57,12,99,942,0,0
"AJ Green","MIL",23,35,27,8,344.9,154,53,125,44,105,4,4,6,39,45,22,9,6,0,31,250,0,0
"Bobby Portis","MIL",28,70,47,23,1818.4,987,398,803,95,257,96,125,154,518,672,105,81,29,16,115,2005,38,0
"Brook Lopez","MIL",35,78,57,21,2372.5,1239,477,899,136,364,149,190,157,363,520,99,107,37,193,203,2595,11,0
"Giannis Antetokounmpo","MIL",28,63,47,16,2023.6,1959,707,1278,47,171,498,772,137,605,742,359,246,52,51,197,3451,46,6
"Goran Dragic","MIL",37,58,27,31,870,365,141,335,52,145,31,45,16,65,81,151,63,13,4,65,677,0,0
"Grayson Allen","MIL",27,72,53,19,1972.1,750,245,557,146,366,114,126,61,176,237,163,72,62,14,117,1435,0,0
"Jae Crowder","MIL",32,18,13,5,339.7,124,45,94,24,55,10,12,17,52,69,27,7,12,6,27,294,0,0
"Jevon Carter","MIL",27,81,57,24,1811.8,651,239,565,142,337,31,38,35,167,202,197,78,66,29,158,1396,1,0
"Joe Ingles","MIL",35,46,32,14,1043.5,317,108,248,83,203,18,21,13,115,128,150,55,33,6,74,758,1,0
"Jrue Holiday","MIL",33,67,50,17,2182.5,1290,490,1023,158,411,152,177,79,262,341,495,197,79,25,116,2557,16,0
"Khris Middleton","MIL",31,33,25,8,800.8,497,177,406,51,162,92,102,28,112,140,163,71,23,5,68,923,4,0
"Lindell Wigginton","MIL",25,7,4,3,86.7,50,18,37,6,18,8,9,0,7,7,14,12,0,2,7,73,1,0
"MarJon Beauchamp","MIL",22,52,34,18,701.4,266,96,243,47,142,27,37,38,77,115,35,45,21,7,70,496,0,0
"Meyers Leonard","MIL",31,9,6,3,113.7,43,14,29,7,18,8,9,12,22,34,1,6,2,0,16,85,1,0
"Pat Connaughton","MIL",30,61,43,18,1442.7,466,165,421,109,322,27,41,50,233,283,77,33,37,11,69,1032,2,0
"Serge Ibaka","MIL",33,16,11,5,185.4,66,26,54,6,18,8,13,15,29,44,4,11,2,7,23,141,0,0
"Thanasis Antetokounmpo","MIL",30,37,25,12,206.2,51,20,46,0,8,11,22,15,29,44,15,12,3,3,22,132,0,0
"Wesley Matthews","MIL",36,52,37,15,820.4,179,58,160,39,124,24,28,34,79,113,34,18,20,13,71,447,0,0
"Anthony Edwards","MIN",21,79,40,39,2841.5,1946,707,1541,213,578,319,422,47,411,458,350,259,125,58,186,3311,9,0
"Austin Rivers","MIN",30,52,25,27,1016.3,255,91,209,43,123,30,39,5,78,83,75,23,28,4,80,540,0,0
"Bryn Forbes","MIN",29,25,9,16,267.7,89,30,83,14,46,15,15,4,11,15,17,12,7,2,22,148,0,0
"Jaden McDaniels","MIN",22,79,41,38,2416.5,953,370,716,107,269,106,144,92,215,307,148,112,74,76,272,1881,0,0
"Jaylen Nowell","MIN",23,65,34,31,1251.7,704,280,625,67,232,77,99,36,134,170,132,65,42,5,101,1182,0,0
"Jordan McLaughlin","MIN",27,43,22,21,678.5,161,61,145,24,78,15,18,15,47,62,148,33,32,4,28,532,0,0
"Josh Minott","MIN",20,15,7,8,96.2,46,18,36,2,6,8,8,5,20,25,5,3,4,6,10,111,1,0
"Karl-Anthony Towns","MIN",27,29,15,14,957,602,212,428,60,164,118,135,48,188,236,140,86,20,17,111,1120,9,0
"Kyle Anderson","MIN",29,69,36,33,1956.6,647,252,495,43,105,100,136,66,302,368,335,103,78,63,146,1911,10,3
"Luka Garza","MIN",24,28,15,13,243.4,181,63,116,14,39,41,52,33,30,63,18,14,3,2,43,285,0,0
"Matt Ryan","MIN",26,34,15,19,310.2,122,40,108,32,84,10,12,4,22,26,16,7,5,1,27,188,0,0
"Mike Conley","MIN",35,67,34,33,2028.1,798,261,610,135,351,141,169,33,149,182,450,103,73,14,139,1849,6,0
"Nathan Knight","MIN",25,38,19,19,290.7,139,46,81,8,22,39,57,22,34,56,13,21,10,6,41,253,0,0
"Naz Reid","MIN",23,68,32,36,1250.9,781,310,577,75,217,86,127,73,260,333,77,92,42,53,176,1489,4,0
"Nickeil Alexander-Walker","MIN",24,59,29,30,883.9,363,131,295,61,159,40,60,15,86,101,108,55,32,21,88,750,0,0
"Rudy Gobert","MIN",31,70,34,36,2148.5,939,360,546,0,3,219,340,231,583,814,87,122,56,95,210,2377,35,0
"Taurean Prince","MIN",29,54,31,23,1192.5,493,177,379,74,194,65,77,15,117,132,84,69,28,15,123,837,0,0
"Wendell Moore Jr.","MIN",21,29,16,13,152.7,42,18,43,2,17,4,5,4,14,18,18,8,8,5,13,122,0,0
"Brandon Ingram","NOP",25,45,23,22,1538.1,1112,404,835,64,164,240,272,23,223,246,262,148,32,19,116,1805,6,2
"CJ McCollum","NOP",31,75,38,37,2649.2,1568,587,1344,211,543,183,238,55,273,328,429,183,70,38,153,2746,6,0
"Dereon Seabron","NOP",23,5,2,3,11.6,4,2,5,0,0,0,0,1,0,1,0,0,0,0,1,5,0,0
"Dyson Daniels","NOP",20,59,33,26,1042.1,227,87,208,27,86,26,40,36,152,188,134,57,43,11,99,759,0,0
"Garrett Temple","NOP",37,25,16,9,161.8,50,18,45,11,26,3,4,5,12,17,13,4,9,2,15,119,0,0
"Herbert Jones","NOP",24,66,31,35,1950.5,649,235,501,56,167,123,161,97,172,269,162,88,103,42,208,1562,0,0
"Jaxson Hayes","NOP",23,47,22,25,610.1,233,86,156,3,29,58,83,39,93,132,34,31,20,19,67,528,0,0
"Jonas Valanciunas","NOP",31,79,40,39,1968.2,1115,446,816,38,109,185,224,225,579,804,140,159,20,52,245,2347,43,0
"Jose Alvarado","NOP",25,61,30,31,1310,550,201,489,83,247,65,80,28,113,141,186,81,67,10,125,1148,0,0
"Josh Richardson","NOP",29,65,24,41,1529.6,654,239,554,107,293,69,81,41,134,175,174,86,69,20,117,1306,1,0
"Kira Lewis Jr.","NOP",22,25,11,14,234.8,114,40,88,15,34,19,22,5,28,33,23,10,10,2,24,214,0,0
"Larry Nance Jr.","NOP",30,65,34,31,1380.8,441,186,305,14,42,55,79,106,248,354,119,42,56,37,133,1281,3,0
"Naji Marshall","NOP",25,77,40,37,1792,698,247,571,66,218,138,175,48,231,279,189,97,54,14,113,1423,0,0
"Trey Murphy III","NOP",23,79,39,40,2448,1148,387,800,202,497,172,190,59,222,281,112,61,89,43,155,1988,1,0
"Willy Hernangomez","NOP",29,38,23,15,457.7,262,89,169,3,11,81,104,58,122,180,33,39,17,13,64,579,2,0
"Zion Williamson","NOP",22,29,17,12,956.1,754,285,469,7,19,177,248,58,144,202,133,99,32,16,65,1241,5,0
"Derrick Rose","NYK",34,27,12,15,337.9,152,61,159,19,63,11,12,8,32,40,46,22,7,5,18,283,0,0
"Duane Washington Jr.","NYK",23,31,17,14,393.8,244,94,256,40,111,16,24,2,34,36,63,34,6,4,23,378,0,0
"Evan Fournier","NYK",30,27,15,12,458.7,165,56,166,35,114,18,21,4,45,49,36,22,16,3,46,313,0,0
"Immanuel Quickley","NYK",24,81,47,34,2344.1,1209,419,936,168,454,203,248,58,279,337,279,100,80,14,166,2214,4,0
"Isaiah Hartenstein","NYK",25,82,47,35,1628.2,406,175,327,8,37,48,71,209,327,536,102,66,53,64,213,1487,2,0
"Isaiah Roby","NYK",25,42,9,33,473.6,172,67,155,18,60,20,41,21,87,108,38,31,18,7,53,403,0,0
"Jalen Brunson","NYK",26,68,40,28,2378.7,1633,587,1195,134,322,325,392,40,201,241,421,142,61,15,152,2640,5,0
"Jericho Sims","NYK",24,52,31,21,812.4,178,83,107,0,1,12,16,99,143,242,25,27,15,28,96,608,2,0
"Josh Hart","NYK",28,76,42,34,2454,743,275,520,61,164,132,176,142,451,593,290,117,88,21,195,2100,10,0
"Julius Randle","NYK",28,77,44,33,2737.3,1936,658,1432,218,636,402,531,141,626,767,316,216,49,21,233,3324,40,0
"Miles McBride","NYK",22,64,36,28,760.2,222,77,215,40,134,28,42,13,37,50,72,25,37,8,60,500,0,0
"Mitchell Robinson","NYK",25,59,35,24,1588.8,435,188,280,0,0,59,122,267,288,555,53,41,56,109,160,1635,13,0
"Obi Toppin","NYK",25,67,37,30,1050.5,497,187,419,85,247,38,47,29,158,187,66,38,23,12,68,887,0,0
"Quentin Grimes","NYK",23,71,41,30,2120.9,799,282,602,157,407,78,98,49,180,229,150,69,47,26,177,1449,0,0
"RJ Barrett","NYK",23,73,40,33,2475.5,1431,510,1176,121,390,290,392,60,308,368,201,164,31,15,179,2148,3,0
"Trevor Keels","NYK",19,3,3,0,8,3,1,4,1,4,0,0,0,2,2,0,0,0,0,0,5,0,0
"Aaron Wiggins","OKC",24,70,37,33,1297.4,479,186,363,48,122,59,71,68,143,211,80,56,39,15,110,958,1,0
"Aleksej Pokusevski","OKC",21,34,16,18,701.3,276,108,249,38,104,22,35,45,114,159,64,43,20,43,58,709,3,0
"Dario Saric","OKC",29,57,26,31,806,362,127,277,45,115,63,76,53,154,207,74,55,20,7,99,747,2,0
"Isaiah Joe","OKC",23,73,36,37,1395.3,691,224,508,161,394,82,100,27,148,175,88,39,48,8,105,1162,0,0
"Jalen Williams","OKC",22,75,36,39,2275.6,1056,414,794,73,205,155,191,84,253,337,248,123,103,35,191,2123,3,0
"Jared Butler","OKC",22,6,3,3,76.5,37,15,32,7,14,0,0,1,3,4,8,5,5,0,5,64,0,0
"Jaylin Williams","OKC",21,49,23,26,914.2,288,102,234,46,113,38,54,44,197,241,76,37,28,12,111,774,0,0
"Jeremiah Robinson-Earl","OKC",22,43,16,27,813.7,292,110,248,37,111,35,42,71,109,180,43,19,24,11,71,659,1,0
"Josh Giddey","OKC",20,76,34,42,2367.3,1260,539,1118,76,234,106,145,148,451,599,469,211,57,31,143,2735,28,4
"Kenrich Williams","OKC",28,53,26,27,1206,425,179,346,50,134,17,39,97,164,261,105,32,45,14,112,1041,2,0
"Lindy Waters III","OKC",25,41,20,21,530.8,214,70,178,58,162,16,20,16,59,75,28,10,14,11,42,411,0,0
"Luguentz Dort","OKC",24,74,36,38,2272.4,1013,339,873,135,409,200,259,128,216,344,154,92,75,23,243,1859,5,0
"Olivier Sarr","OKC",24,9,5,4,113.6,36,15,30,1,8,5,7,12,19,31,4,4,1,5,17,93,1,0
"Ousmane Dieng","OKC",20,39,20,19,568.7,193,76,181,26,98,15,23,19,86,105,46,26,14,7,42,425,0,0
"Shai Gilgeous-Alexander","OKC",24,68,33,35,2416,2135,704,1381,58,168,669,739,59,270,329,371,192,112,65,192,3425,3,0
"Tre Mann","OKC",22,67,31,36,1183.4,517,197,501,81,257,42,55,27,128,155,120,62,40,11,99,974,1,1
"Admiral Schofield","ORL",26,37,14,23,451.3,155,55,122,24,74,21,23,23,39,62,31,16,8,5,61,299,0,0
"Bol Bol","ORL",23,70,26,44,1505.4,634,261,478,30,113,82,108,69,336,405,69,112,30,85,92,1457,6,0
"Caleb Houstan","ORL",20,51,20,31,812.2,193,66,182,46,136,15,18,34,65,99,30,18,12,7,63,396,0,0
"Chuma Okeke","ORL",24,27,8,19,518,128,43,122,26,86,16,21,26,70,96,37,17,19,11,40,372,0,0
"Cole Anthony","ORL",23,60,28,32,1551.8,781,277,610,75,206,152,170,47,241,288,235,91,37,31,158,1592,1,0
"Franz Wagner","ORL",21,80,33,47,2608.7,1485,542,1118,130,360,271,322,70,259,329,283,167,77,17,183,2419,2,0
"Gary Harris","ORL",28,48,22,26,1184.4,397,138,307,94,218,27,30,21,77,98,59,28,45,12,93,746,0,0
"Goga Bitadze","ORL",23,38,13,25,456.8,167,69,125,6,26,23,42,61,76,137,39,22,16,26,64,494,2,0
"Jalen Suggs","ORL",22,53,20,33,1245.9,524,186,444,66,202,86,119,55,106,161,155,94,67,27,120,1138,0,0
"Jay Scrubb","ORL",22,2,1,1,30.1,13,5,7,2,2,1,2,0,6,6,1,3,2,0,2,25,0,0
"Jonathan Isaac","ORL",25,11,8,3,124,55,22,53,6,15,5,9,15,29,44,6,4,14,4,5,167,0,0
"Kevon Harris","ORL",26,34,12,22,457,141,47,107,16,43,31,41,28,42,70,16,21,17,5,53,294,0,0
"Markelle Fultz","ORL",25,60,29,31,1777.9,837,349,679,27,87,112,143,69,165,234,341,139,87,26,131,1829,3,0
"Michael Carter-Williams","ORL",31,4,1,3,44.5,17,6,14,1,3,4,7,1,4,5,7,4,1,1,5,36,0,0
"Moritz Wagner","ORL",26,57,27,30,1109.5,600,198,396,51,163,153,182,69,190,259,84,68,37,13,136,1119,3,0
"Paolo Banchero","ORL",20,72,31,41,2429.7,1437,479,1122,85,285,394,534,84,413,497,269,200,60,39,160,2534,14,0
"Wendell Carter Jr.","ORL",24,57,26,31,1689.5,868,322,613,80,225,144,195,120,377,497,132,106,30,33,159,1745,21,0
"Danuel House Jr.","PHI",30,56,38,18,807,268,93,197,37,110,45,60,9,85,94,44,26,14,9,69,490,0,0
"De'Anthony Melton","PHI",25,77,50,27,2149.8,780,277,651,157,403,69,87,69,243,312,197,102,126,41,191,1849,0,0
"Dewayne Dedmon","PHI",33,38,23,15,426.2,199,77,151,12,39,33,49,34,100,134,26,25,9,19,75,458,0,0
"Furkan Korkmaz","PHI",25,37,24,13,353.5,140,48,111,18,46,26,36,6,36,42,22,24,10,3,18,238,0,0
"Georges Niang","PHI",30,78,51,27,1511.8,637,222,502,154,384,39,45,19,166,185,77,54,31,14,145,1056,0,0
"Jaden Springer","PHI",20,16,13,3,89.3,42,17,35,2,5,6,8,6,8,14,8,3,7,3,15,98,0,0
"Jalen McDaniels","PHI",25,80,31,49,1912.9,755,281,617,77,232,116,138,63,283,346,130,93,83,34,209,1623,3,0
"James Harden","PHI",33,58,39,19,2135,1216,371,842,161,418,313,361,40,314,354,618,195,71,31,112,2679,36,5
"Joel Embiid","PHI",29,66,43,23,2284.1,2183,728,1328,66,200,661,771,113,557,670,274,226,66,112,205,3706,39,1
"Louis King","PHI",24,1,1,0,28.8,20,8,13,4,8,0,1,2,2,4,2,2,1,0,4,29,0,0
"Mac McClung","PHI",24,2,2,0,41.1,25,9,20,4,11,3,5,3,7,10,9,3,0,0,3,48,0,0
"Michael Foster Jr.","PHI",20,1,1,0,1,0,0,0,0,0,0,0,0,0,0,0,0,0,0,0,0,0,0
"Montrezl Harrell","PHI",29,57,35,22,681.1,320,125,209,0,6,70,101,67,92,159,33,35,17,25,75,651,1,0
"P.J. Tucker","PHI",38,75,48,27,1920.1,266,96,225,55,140,19,23,95,200,295,60,44,39,15,180,828,0,0
"Paul Reed","PHI",24,69,44,25,755.2,287,124,209,1,6,38,51,112,150,262,27,45,45,51,123,885,5,0
"Shake Milton","PHI",26,76,52,24,1567.4,637,241,503,56,148,99,116,39,152,191,240,94,25,13,123,1246,3,0
"Tobias Harris","PHI",30,74,47,27,2435.9,1085,423,845,126,324,113,129,67,357,424,186,89,68,40,149,2108,7,0
"Tyrese Maxey","PHI",22,60,39,21,2015.8,1218,439,913,160,369,180,213,23,153,176,212,80,49,8,132,1838,0,0
"Bismack Biyombo","PHX",30,61,33,28,874.1,263,119,206,0,0,25,70,89,171,260,56,51,18,88,114,926,3,0
"Cameron Payne","PHX",28,48,27,21,968.3,493,188,453,68,185,49,64,12,94,106,214,81,33,8,88,983,3,0
"Chris Paul","PHX",38,59,33,26,1888.6,819,294,668,98,261,133,160,27,224,251,524,114,91,22,126,2131,17,0
"Damion Lee","PHX",30,74,40,34,1506.3,604,200,452,110,247,94,104,39,186,225,99,78,30,7,118,1056,0,0
"Darius Bazley","PHX",23,43,19,24,616.2,224,83,183,20,53,38,70,34,104,138,38,27,22,34,44,588,0,0
"Deandre Ayton","PHX",24,67,36,31,2035.3,1203,522,887,7,24,152,200,172,495,667,115,120,37,53,190,2326,36,0
"Devin Booker","PHX",26,53,34,19,1835.4,1471,527,1067,111,316,306,358,46,194,240,293,145,51,18,159,2261,5,0
"Ish Wainright","PHX",28,60,33,27,915.1,251,84,227,57,173,26,31,45,94,139,53,22,38,22,117,655,0,0
"Jock Landale","PHX",27,69,35,34,978.5,456,178,337,21,84,79,105,119,161,280,68,59,16,30,126,973,3,0
"Josh Okogie","PHX",24,72,38,34,1350.6,529,162,414,66,197,139,192,109,142,251,105,63,56,34,114,1195,2,0
"Kevin Durant","PHX",34,47,34,13,1671.8,1366,483,862,93,230,307,334,17,296,313,235,156,34,67,99,2241,5,1
"Landry Shamet","PHX",26,40,19,21,806.9,346,113,300,75,199,45,51,11,56,67,93,36,26,5,61,623,0,0
"Saben Lee","PHX",24,25,15,10,373.5,151,49,121,11,30,42,57,13,32,45,67,24,19,1,32,342,1,0
"T.J. Warren","PHX",29,42,26,16,686.7,314,132,270,22,67,28,35,26,95,121,40,20,22,12,65,601,0,0
"Terrence Ross","PHX",32,63,27,36,1330.5,522,200,465,95,258,27,34,22,132,154,95,43,35,10,97,941,0,0
"Torrey Craig","PHX",32,79,44,35,1947.8,588,228,500,100,253,32,45,145,281,426,117,73,50,62,179,1538,4,0
"Anfernee Simons","POR",24,62,27,35,2170.7,1306,467,1045,212,562,160,179,18,143,161,253,128,42,14,142,1919,0,0
"Cam Reddish","POR",23,40,14,26,989.6,387,139,312,45,144,64,75,18,70,88,57,47,39,14,72,690,0,0
"Chance Comanche","POR",27,1,0,1,20.8,7,3,5,0,0,1,4,2,1,3,0,0,0,1,0,14,0,0
"Damian Lillard","POR",32,58,27,31,2106.6,1866,556,1202,244,658,510,558,44,233,277,425,191,50,18,109,2849,16,2
"Drew Eubanks","POR",26,78,31,47,1583.7,518,214,334,7,18,83,125,132,286,418,103,67,40,102,169,1533,3,0
"Greg Brown III","POR",21,16,10,6,93.1,28,11,28,1,7,5,12,2,17,19,3,6,4,5,13,76,0,0
"Jabari Walker","POR",20,56,21,35,619.2,216,83,198,16,56,34,45,48,83,131,34,29,10,13,69,464,0,0
"Jeenathan Williams","POR",24,5,1,4,126.6,53,24,39,3,8,2,3,10,5,15,10,4,3,2,13,97,0,0
"Jerami Grant","POR",29,63,28,35,2245.5,1290,434,913,144,359,278,342,53,230,283,150,116,51,53,152,2051,2,0
"John Butler Jr.","POR",20,19,4,15,221.1,45,17,53,8,35,3,4,3,14,17,11,1,7,9,22,129,0,0
"Justin Minaya","POR",24,4,0,4,88.8,17,7,23,3,12,0,1,3,12,15,4,4,2,5,9,58,0,0
"Justise Winslow","POR",27,29,15,14,775.8,196,81,198,14,45,20,28,49,96,145,98,43,30,11,89,597,1,0
"Jusuf Nurkic","POR",28,52,24,28,1391.4,694,262,505,43,119,127,192,114,357,471,149,119,43,44,185,1625,18,0
"Keon Johnson","POR",21,40,13,27,416.4,189,67,178,28,81,27,41,11,33,44,59,43,19,6,43,362,0,0
"Kevin Knox II","POR",23,63,12,51,951.7,415,152,332,65,186,46,60,34,143,177,33,50,24,12,95,735,2,0
"Matisse Thybulle","POR",26,71,38,33,1200.4,293,110,253,54,148,19,28,40,100,140,53,24,83,32,113,862,0,0
"Nassir Little","POR",23,54,22,32,976.1,359,134,303,58,158,33,46,27,114,141,50,36,20,20,66,687,0,0
"Ryan Arcidiacono","POR",29,20,9,11,172.4,26,9,37,8,23,0,0,0,15,15,23,7,5,0,17,87,0,0
"Shaedon Sharpe","POR",20,80,32,48,1778.6,789,306,648,102,283,75,105,63,173,236,94,83,38,24,136,1316,0,0
"Skylar Mays","POR",25,6,1,5,188.8,92,34,68,12,26,12,13,2,17,19,50,10,6,1,11,201,1,0
"Trendon Watford","POR",22,62,26,36,1181.6,459,181,323,25,64,72,100,42,196,238,130,71,32,12,118,1001,3,0
"Alex Len","SAC",30,26,15,11,161.2,43,16,30,0,2,11,16,24,36,60,12,16,4,11,28,162,0,0
"Chima Moneke","SAC",27,2,1,1,7.9,2,1,2,0,0,0,2,2,0,2,1,2,0,0,2,4,0,0
"Chimezie Metu","SAC",26,66,41,25,689,321,129,219,9,38,54,73,47,151,198,40,32,22,21,81,716,0,0
"Davion Mitchell","SAC",24,80,47,33,1447,450,181,399,63,197,25,31,16,89,105,185,62,44,15,112,969,0,0
"De'Aaron Fox","SAC",25,73,44,29,2435.2,1826,682,1331,119,367,343,440,40,266,306,447,181,83,23,172,3001,11,0
"Deonte Burton","SAC",29,2,1,1,6.5,0,0,2,0,1,0,0,0,0,0,0,0,0,0,0,0,0,0
"Domantas Sabonis","SAC",27,79,47,32,2735.6,1510,577,938,31,83,325,438,251,722,973,573,230,65,39,279,3619,65,14
"Harrison Barnes","SAC",31,82,48,34,2662,1230,374,791,132,353,350,413,87,279,366,128,86,57,10,103,1976,0,0
"KZ Okpala","SAC",24,35,19,16,248,46,16,38,7,21,7,8,7,27,34,13,7,7,7,39,141,0,0
"Keegan Murray","SAC",22,80,47,33,2381.7,976,354,782,206,501,62,81,89,282,371,98,60,61,42,162,1817,4,0
"Keon Ellis","SAC",23,16,7,9,70.9,24,7,16,6,12,4,7,4,4,8,6,1,5,1,10,60,0,0
"Kessler Edwards","SAC",22,36,17,19,385.8,100,36,93,17,55,11,15,23,38,61,23,13,14,6,40,255,0,0
"Kevin Huerter","SAC",24,75,44,31,2202.8,1140,420,866,205,510,95,131,42,209,251,221,97,80,24,181,1988,0,0
"Malik Monk","SAC",25,77,47,30,1719.2,1041,357,796,143,398,184,207,32,171,203,298,146,49,20,125,1793,0,0
"Matthew Dellavedova","SAC",32,32,19,13,212.8,47,17,50,9,27,4,7,1,12,13,41,10,7,0,20,135,0,0
"Neemias Queta","SAC",23,5,1,4,28.7,12,6,9,0,0,0,2,5,6,11,1,1,0,2,7,32,0,0
"PJ Dozier","SAC",26,16,11,5,79.3,22,10,33,2,16,0,0,1,13,14,10,5,6,1,7,70,0,0
"Richaun Holmes","SAC",29,42,22,20,347.6,130,55,89,5,8,15,19,29,51,80,9,14,3,11,50,268,1,0
"Terence Davis","SAC",26,64,38,26,841,431,154,364,89,243,34,43,20,119,139,67,53,43,12,104,810,0,0
"Trey Lyles","SAC",27,74,43,31,1247.2,562,187,408,87,240,101,124,68,232,300,66,64,27,31,97,1131,1,0
"Alize Johnson","SAS",27,4,1,3,29.5,7,3,6,0,2,1,2,2,8,10,1,4,1,0,3,20,0,0
"Blake Wesley","SAS",20,37,9,28,669.1,184,69,215,20,52,26,44,12,70,82,98,65,25,5,67,454,0,0
"Charles Bassey","SAS",22,35,9,26,507.9,199,87,135,3,8,22,37,75,118,193,48,41,16,33,74,609,0,0
"Devin Vassell","SAS",22,38,12,26,1178.1,703,261,595,103,266,78,100,8,140,148,136,57,43,17,57,1208,0,0
"Devonte' Graham","SAS",28,73,31,42,1338.4,539,161,431,119,338,98,131,19,103,122,196,53,45,16,79,1109,0,0
"Dominick Barlow","SAS",20,28,5,23,407.6,110,46,86,0,4,18,25,46,56,102,24,15,10,19,56,340,2,0
"Doug McDermott","SAS",31,64,19,45,1314.2,654,239,523,123,298,53,70,23,115,138,91,58,13,6,118,955,0,0
"Gorgui Dieng","SAS",33,31,3,28,358.1,121,45,117,21,75,10,13,27,80,107,53,32,4,14,57,351,2,0
"Jeremy Sochan","SAS",20,56,15,41,1457.7,614,250,552,33,134,81,116,95,200,295,142,97,43,23,138,1282,2,0
"Jordan Hall","SAS",21,9,1,8,82.7,28,9,28,3,15,7,9,3,9,12,11,7,1,0,6,55,0,0
"Joshua Primo","SAS",20,4,3,1,93.4,28,9,26,3,12,7,9,2,11,13,18,11,1,2,8,69,0,0
"Julian Champagnie","SAS",22,17,7,10,320.1,165,59,130,33,82,14,17,10,50,60,10,11,6,5,26,274,1,0
"Keita Bates-Diop","SAS",27,67,18,49,1452.6,647,236,465,56,142,119,150,65,182,247,103,56,46,20,63,1240,0,0
"Keldon Johnson","SAS",23,63,17,46,2063.3,1385,503,1113,134,407,245,327,56,262,318,183,134,46,11,125,2078,5,0
"Khem Birch","SAS",30,20,9,11,161.8,43,19,32,1,2,4,5,8,17,25,7,8,5,5,24,106,0,0
"Malaki Branham","SAS",20,66,15,51,1549.6,673,269,611,77,255,58,70,28,153,181,127,76,33,7,115,1125,0,0
"Romeo Langford","SAS",23,43,14,29,844.3,297,121,259,16,61,39,56,57,57,114,50,30,24,13,67,590,0,0
"Sandro Mamukelashvili","SAS",24,43,23,20,659.7,263,97,230,30,99,39,57,70,115,185,62,35,14,12,52,621,2,0
"Stanley Johnson","SAS",27,30,5,25,469.5,174,65,122,18,40,26,39,22,73,95,67,33,16,6,48,422,0,0
"Tre Jones","SAS",23,68,20,48,1983.7,875,341,743,45,158,148,172,56,189,245,448,110,89,9,98,2025,6,2
"Zach Collins","SAS",25,63,20,43,1440.6,731,284,548,55,147,108,142,116,286,402,180,129,37,49,199,1612,9,0
"Chris Boucher","TOR",30,76,39,37,1523.5,712,261,529,62,189,128,168,157,264,421,29,41,47,64,143,1553,9,0
"Christian Koloko","TOR",23,58,29,29,801.8,182,72,150,1,12,37,59,84,87,171,31,20,21,57,128,648,0,0
"Dalano Banton","TOR",23,31,17,14,278.5,142,55,130,15,51,17,24,11,34,45,36,18,13,13,34,310,0,0
"Fred VanVleet","TOR",29,69,34,35,2535,1335,437,1112,207,606,254,283,30,250,280,495,140,123,38,193,2757,10,1
"Gary Trent Jr.","TOR",24,66,31,35,2118,1148,405,935,166,450,172,205,30,143,173,106,55,104,14,102,1814,0,0
"Jakob Poeltl","TOR",27,72,26,46,1906.1,897,389,618,0,1,119,201,236,417,653,197,125,66,86,195,2307,19,0
"Jeff Dowtin Jr.","TOR",26,25,17,8,258.7,61,25,57,5,16,6,9,6,17,23,31,5,9,3,13,166,0,0
"Joe Wieskamp","TOR",23,9,6,3,49.7,9,3,14,3,12,0,0,0,4,4,3,1,0,0,3,17,0,0
"Juancho Hernangomez","TOR",27,42,20,22,613.5,122,48,114,17,67,9,16,27,96,123,25,15,16,6,43,358,1,0
"Malachi Flynn","TOR",25,53,29,24,690.8,246,87,242,47,133,25,33,15,61,76,70,25,21,4,65,492,0,0
"O.G. Anunoby","TOR",25,67,33,34,2385.7,1124,421,885,142,367,140,167,95,237,332,131,132,128,50,200,2121,2,0
"Otto Porter Jr.","TOR",30,8,4,4,146.3,44,15,30,6,17,8,8,6,13,19,8,4,11,0,7,108,0,0
"Pascal Siakam","TOR",29,71,35,36,2652,1720,630,1313,93,287,367,474,131,425,556,415,169,65,36,228,3144,24,2
"Precious Achiuwa","TOR",23,55,30,25,1140.5,508,196,404,29,108,87,124,100,228,328,50,59,31,30,102,1101,10,0
"Ron Harper Jr.","TOR",23,9,6,3,47.5,20,8,16,3,9,1,1,3,4,7,4,0,0,1,3,37,0,0
"Scottie Barnes","TOR",21,77,38,39,2677.6,1179,463,1016,63,224,190,246,179,333,512,371,154,83,61,170,2628,15,1
"Thaddeus Young","TOR",35,54,23,31,795.5,240,108,198,6,34,18,26,71,95,166,75,42,54,5,88,687,0,0
"Will Barton","TOR",32,56,27,29,993,379,138,364,66,180,37,47,15,122,137,112,48,28,13,56,786,0,0
"Collin Sexton","UTA",24,48,24,24,1145.2,685,237,468,48,122,163,199,37,68,105,138,85,27,6,112,1032,1,0
"Damian Jones","UTA",28,41,12,29,477.4,142,55,86,10,17,22,29,42,80,122,15,23,8,21,55,375,1,0
"Frank Jackson","UTA",25,1,0,1,5,0,0,3,0,1,0,0,1,1,2,1,0,0,0,0,4,0,0
"Jarrell Brantley","UTA",27,4,0,4,39,22,8,14,4,9,2,2,1,5,6,3,2,0,2,3,38,0,0
"Johnny Juzang","UTA",22,18,6,12,232.3,87,35,104,15,63,2,4,8,31,39,8,3,4,3,13,164,0,0
"Jordan Clarkson","UTA",31,61,30,31,1988.3,1271,458,1031,155,459,200,245,72,174,246,270,186,33,13,120,1923,3,0
"Juan Toscano-Anderson","UTA",30,52,19,33,700.1,155,64,143,8,43,19,24,28,96,124,65,34,16,10,80,445,0,0
"Kelly Olynyk","UTA",32,68,28,40,1941.6,847,278,557,93,236,198,232,82,338,420,252,168,60,37,232,1852,9,0
"Kris Dunn","UTA",29,22,8,14,567.5,290,116,216,17,36,41,53,9,91,100,124,35,25,10,58,666,3,0
"Lauri Markkanen","UTA",26,66,32,34,2272.5,1691,571,1144,200,510,349,399,130,440,570,123,127,42,38,137,2673,28,0
"Leandro Bolmaro","UTA",22,14,8,6,68.5,6,3,20,0,4,0,0,4,3,7,7,7,3,1,10,30,0,0
"Luka Samanic","UTA",23,7,2,5,160.8,69,26,57,8,31,9,13,0,30,30,15,10,6,2,17,142,0,0
"Micah Potter","UTA",25,7,4,3,52.4,24,10,15,4,7,0,0,3,13,16,4,2,1,0,5,50,1,0
"Ochai Agbaji","UTA",23,59,29,30,1209.2,467,165,386,81,228,56,69,43,78,121,67,41,16,15,99,765,0,0
"Rudy Gay","UTA",36,56,29,27,815.6,293,109,288,33,131,42,49,33,130,163,57,37,19,18,68,648,0,0
"Simone Fontecchio","UTA",27,52,25,27,765.8,328,115,312,63,191,35,44,31,55,86,42,39,15,8,62,524,0,0
"Talen Horton-Tucker","UTA",22,65,30,35,1313.2,698,257,613,58,203,126,168,41,169,210,246,126,41,29,108,1403,2,0
"Udoka Azubuike","UTA",23,36,17,19,358.5,125,59,72,0,0,7,20,31,88,119,11,18,6,15,34,329,0,0
"Vernon Carey Jr.","UTA",22,11,8,3,28.5,6,2,8,0,0,2,2,3,8,11,3,2,2,2,5,34,0,0
"Walker Kessler","UTA",21,74,34,40,1703.2,679,298,414,1,3,82,159,231,389,620,69,58,26,173,169,2066,20,0
"Anthony Gill","WAS",30,59,21,38,624.6,195,71,132,4,29,49,67,37,62,99,34,15,7,12,70,407,0,0
"Bradley Beal","WAS",30,50,24,26,1672.9,1160,444,878,80,219,192,228,41,155,196,271,145,45,33,107,1891,2,0
"Corey Kispert","WAS",24,74,31,43,2093.3,820,291,585,163,384,75,88,33,174,207,87,55,32,9,97,1267,0,0
"Daniel Gafford","WAS",24,78,32,46,1604.2,705,289,395,0,0,127,187,163,270,433,84,85,33,99,187,1662,10,0
"Delon Wright","WAS",31,50,26,24,1221.2,369,138,291,41,119,52,60,58,122,180,194,44,92,17,59,1159,0,0
"Deni Avdija","WAS",22,76,33,43,2020.4,697,253,579,69,232,122,165,74,413,487,211,123,65,29,209,1757,11,0
"Devon Dotson","WAS",23,6,1,5,53.1,3,1,10,1,4,0,0,6,4,10,8,3,5,0,9,39,0,0
"Isaiah Todd","WAS",21,6,2,4,61.4,9,3,19,1,10,2,2,2,10,12,4,2,1,0,4,30,0,0
"Jamaree Bouyea","WAS",24,5,2,3,70.5,15,6,14,2,6,1,2,1,5,6,4,4,4,2,6,42,0,0
"Jay Huff","WAS",25,7,2,5,94.9,51,15,25,6,12,15,16,6,15,21,10,5,3,4,15,107,0,0
"Johnny Davis","WAS",21,28,10,18,422.6,163,66,171,17,70,14,27,10,55,65,28,17,10,8,48,320,0,0
"Jordan Goodwin","WAS",24,62,22,40,1105.4,407,158,353,38,118,53,69,57,148,205,168,57,58,26,95,1100,0,0
"Jordan Schakel","WAS",25,2,0,2,6.2,3,1,2,1,1,0,0,0,0,0,1,0,1,0,1,8,0,0
"Kendrick Nunn","WAS",27,70,30,40,963.4,496,191,450,79,223,35,41,15,94,109,90,66,28,7,66,801,0,0
"Kristaps Porzingis","WAS",27,65,27,38,2119.5,1505,507,1018,137,356,354,416,114,432,546,174,137,58,100,196,2758,20,0
"Kyle Kuzma","WAS",27,64,29,35,2238.9,1357,512,1142,160,481,173,237,55,408,463,239,190,36,29,145,2276,14,1
"Monte Morris","WAS",28,62,28,34,1696.1,636,247,515,78,204,64,77,26,184,210,326,60,43,13,75,1485,2,0
"Quenton Jackson","WAS",24,9,3,6,134.6,56,19,42,1,12,17,22,2,6,8,15,4,4,1,10,99,0,0
"Taj Gibson","WAS",38,49,21,28,480.4,168,65,125,8,24,30,42,32,61,93,34,26,15,12,84,386,0,0
"Xavier Cooks","WAS",27,10,2,8,125.8,38,17,28,0,1,4,10,16,22,38,6,8,6,4,13,115,1,0
